Отметка времени,Укажите ваш возраст,Укажите ваш пол,Укажите ваш город,Какая цветовая гамма интернет-магазина вам нравится?,Сколько по времени вы готовы ждать свой заказ?,Что из перечисленного могло бы мотивировать вас к покупке?,Как долго вы готовы ждать ответа от менеджера  по вашему заказу?,Какой способ обратной связи с менеджером вам наиболее удобен?,Вы когда-нибудь покупали мерч? ,"Вам важно, какого размера будет логотип на мерче?",Какой мерч вам интереснее всего?,"Вам был бы интересен мерч без логотипа, который отражал бы философию конкретного бренда? Пример - футболки с надписью ""Иноагент"", выпущенные ""Медузой"" совместно с другими брендами ",Вам нравятся цитаты в виде принта на мерче?,Как вы относитесь к юмористическим цитатам на мерче?,"Вы обычно покупаете мерч после важных мероприятий? Например, после концерта или интересной отраслевой конференции","Вам важно, чтобы вы сами могли придумать свой дизайн для мерча: выбрать уникальное сочетание цвета и принта?",Мерч в качестве бонуса мотивировал бы вас лучше учиться?,"Вам важно, чтобы мерч был уникальным продуктом, который больше ни у кого не встретишь?","Вы готовы платить за лимитированный мерч? Лимитированная коллекция - та, которая выпускается один раз ограниченным тиражом",Обращаете ли вы внимание на экологичность товаров при покупке вещей?,"Вы с большей вероятностью купите мерч, если будете знать, что вырученные средства пойдут на благотворительность?",Вы бы купили мерч в подарок для благотворительного фонда/детского дома? 
01.11.2021 20:15:20,30-39 лет,Женский,Москва,"Сдержанные оттенки (белый, черный, серый)",1-3 рабочих дня,Скидка,1-3 часа,На самом сайте (чат),Да,"Не люблю, когда на мерче есть логотип","Одежда (футболки, худи и др.)",Да,Да,Не нравится,Да,"Да, люблю эксперименты",Да,Да,Да,"Да, большая часть моих вещей - экологичные",Нет,Нет
04.11.2021 19:22:14,23-29 лет,Женский,Екатеринбург,"Сдержанные оттенки (белый, черный, серый)",Неважно,"Наличие промокода, Скидка",В течение суток,"Получить ответ на телефон (звонок), Получить ответ в мессенджере/в соцсетях",Нет и не планирую,"Да, нравится, когда логотип маленького размера",Всё вышеперечисленное,Да,Да,Нравится,Я никогда не покупал мерч,"Да, люблю эксперименты",Да,Да,Нет,"Да, большая часть моих вещей - экологичные",Да,Нет
04.11.2021 19:24:56,23-29 лет,Женский,Екатеринбург,Неважно,4-7 рабочих дней,Скидка,1-3 часа,Получить ответ в мессенджере/в соцсетях,"Нет, но планирую","Не люблю, когда на мерче есть логотип","Канцтовары (блокноты, ручки, стикеры и др.)",Да,Да,Не нравится,Нет,"Да, люблю эксперименты",Нет,Да,Нет,"Да, большая часть моих вещей - экологичные",Да,Да
04.11.2021 19:27:44,30-39 лет,Мужской,Смоленск,"Сдержанные оттенки (белый, черный, серый)",более 7 рабочих дней,"Скидка, Система лояльности",В течение суток,"Получить ответ на почту, Получить ответ на телефон (смс), Получить ответ в мессенджере/в соцсетях",Да,"Да, нравится, когда логотип крупный","Одежда (футболки, худи и др.)",Да,Да,Нравится,Нет,"Нет, дизайнерам виднее",Да,Да,Да,"Нет, для меня это неважный критерий при выборе товара",Нет,Нет
04.11.2021 19:28:30,30-39 лет,Женский,Москва,"Яркая (синий, красный, зеленый и тд.)",1-3 рабочих дня,"Скидка, Система лояльности",В течение часа,"Получить ответ на телефон (звонок), Получить ответ на телефон (смс), Получить ответ в мессенджере/в соцсетях",Да,"Нет, мне неважно, какого размера будет логотип","Одежда (футболки, худи и др.)",Да,Нет,Не нравится,Нет,"Да, люблю эксперименты",Да,Да,Нет,"Нет, для меня это неважный критерий при выборе товара",Нет,Нет
04.11.2021 19:29:21,40-49 лет,Мужской,Владимир,"Яркая (синий, красный, зеленый и тд.)",1-3 рабочих дня,Система лояльности,В течение часа,"На самом сайте (чат), Получить ответ на почту, Получить ответ в мессенджере/в соцсетях",Да,"Да, нравится, когда логотип крупный","Канцтовары (блокноты, ручки, стикеры и др.)",Нет,Да,Не нравится,Да,"Нет, дизайнерам виднее",Да,Да,Да,"Да, большая часть моих вещей - экологичные",Нет,Да
04.11.2021 19:31:05,23-29 лет,Женский,Санкт-Петербург,"Сдержанные оттенки (белый, черный, серый)",1-3 рабочих дня,"Скидка, Система лояльности",1-3 часа,"На самом сайте (чат), Получить ответ на почту, Получить ответ в мессенджере/в соцсетях",Да,"Да, нравится, когда логотип маленького размера","Одежда (футболки, худи и др.)",Да,Да,Нравится,Да,"Да, люблю эксперименты",Да,Да,Нет,"Да, большая часть моих вещей - экологичные",Да,Да
04.11.2021 19:31:50,23-29 лет,Мужской,Москва,"Сдержанные оттенки (белый, черный, серый)",1-3 рабочих дня,"Наличие промокода, Скидка",1-3 часа,"Получить ответ на телефон (звонок), Получить ответ в мессенджере/в соцсетях","Нет, но планирую","Нет, мне неважно, какого размера будет логотип","Канцтовары (блокноты, ручки, стикеры и др.)",Да,Да,Не нравится,Нет,"Нет, дизайнерам виднее",Да,Нет,Нет,"Нет, для меня это неважный критерий при выборе товара",Да,Да
04.11.2021 19:33:49,40-49 лет,Женский,Владимир,"Яркая (синий, красный, зеленый и тд.)",1-3 рабочих дня,"Наличие промокода, Скидка",В течение часа,"На самом сайте (чат), Получить ответ на почту, Получить ответ на телефон (смс), Получить ответ в мессенджере/в соцсетях",Да,"Да, нравится, когда логотип маленького размера","Канцтовары (блокноты, ручки, стикеры и др.)",Нет,Да,Нравится,Я никогда не покупал мерч,"Да, люблю эксперименты",Нет,Да,Нет,"Да, большая часть моих вещей - экологичные",Да,Да
04.11.2021 19:34:59,40-49 лет,Мужской,Ижевск,"Сдержанные оттенки (белый, черный, серый)",более 7 рабочих дней,"Наличие промокода, Скидка",В течение суток,"Получить ответ на телефон (звонок), Получить ответ на телефон (смс), Получить ответ в мессенджере/в соцсетях",Да,"Да, нравится, когда логотип маленького размера","Одежда (футболки, худи и др.)",Нет,Нет,Нравится,Да,"Да, люблю эксперименты",Да,Да,Да,"Нет, для меня это неважный критерий при выборе товара",Да,Да
04.11.2021 19:35:10,30-39 лет,Женский,Москва,"Сдержанные оттенки (белый, черный, серый)",1-3 рабочих дня,Скидка,В течение часа,На самом сайте (чат),Нет и не планирую,"Да, нравится, когда логотип маленького размера","Канцтовары (блокноты, ручки, стикеры и др.)",Да,Да,Нравится,Нет,"Нет, дизайнерам виднее",Нет,Нет,Нет,"Да, большая часть моих вещей - экологичные",Нет,Нет
04.11.2021 19:36:09,23-29 лет,Женский,Краснотурьинск ,"Сдержанные оттенки (белый, черный, серый)",1-3 рабочих дня,"Скидка, Система лояльности",В течение часа,Получить ответ в мессенджере/в соцсетях,Да,"Не люблю, когда на мерче есть логотип","Одежда (футболки, худи и др.)",Да,Да,Нравится,Да,"Нет, дизайнерам виднее",Да,Да,Да,"Да, большая часть моих вещей - экологичные",Да,Нет
04.11.2021 19:38:57,30-39 лет,Женский,Н Новгород,"Яркая (синий, красный, зеленый и тд.)",1-3 рабочих дня,"Наличие промокода, Скидка",1-3 часа,"На самом сайте (чат), Получить ответ на почту",Нет и не планирую,"Не люблю, когда на мерче есть логотип","Канцтовары (блокноты, ручки, стикеры и др.)",Да,Да,Нравится,Я никогда не покупал мерч,"Нет, дизайнерам виднее",Да,Нет,Нет,"Нет, для меня это неважный критерий при выборе товара",Нет,Нет
04.11.2021 19:41:04,30-39 лет,Женский,Салехард,"Сдержанные оттенки (белый, черный, серый)",4-7 рабочих дней,Наличие промокода,В течение суток,"Получить ответ на телефон (звонок), Получить ответ в мессенджере/в соцсетях",Да,"Да, нравится, когда логотип маленького размера","Одежда (футболки, худи и др.)",Нет,Да,Нравится,Да,"Нет, дизайнерам виднее",Да,Нет,Нет,"Нет, для меня это неважный критерий при выборе товара",Нет,Нет
04.11.2021 19:42:06,30-39 лет,Женский,Краснодар,"Яркая (синий, красный, зеленый и тд.)",1-3 рабочих дня,"Наличие промокода, Скидка",1-3 часа,"На самом сайте (чат), Получить ответ в мессенджере/в соцсетях",Нет и не планирую,"Да, нравится, когда логотип крупный","Посуда (кружки, термокружки и др.)",Да,Да,Нравится,Да,"Нет, дизайнерам виднее",Да,Да,Нет,"Нет, для меня это неважный критерий при выборе товара",Нет,Да
04.11.2021 19:47:25,40-49 лет,Женский,Москва,"Сдержанные оттенки (белый, черный, серый)",4-7 рабочих дней,"Наличие промокода, Скидка",1-3 часа,"Получить ответ на почту, Получить ответ на телефон (звонок), Получить ответ на телефон (смс)",Нет и не планирую,"Нет, мне неважно, какого размера будет логотип","Посуда (кружки, термокружки и др.)",Да,Да,Нравится,Нет,"Нет, дизайнерам виднее",Нет,Да,Нет,"Нет, для меня это неважный критерий при выборе товара",Да,Да
04.11.2021 19:51:25,30-39 лет,Мужской,Санкт-Петербург,"Сдержанные оттенки (белый, черный, серый)",1-3 рабочих дня,"Скидка, Ничего из перечисленного",1-3 часа,"Получить ответ на почту, Получить ответ на телефон (звонок), Получить ответ на телефон (смс), Получить ответ в мессенджере/в соцсетях",Нет и не планирую,"Нет, мне неважно, какого размера будет логотип","Канцтовары (блокноты, ручки, стикеры и др.)",Да,Да,Не нравится,Я никогда не покупал мерч,"Да, люблю эксперименты",Нет,Нет,Нет,"Нет, для меня это неважный критерий при выборе товара",Нет,Нет
04.11.2021 19:54:16,30-39 лет,Женский,Краснознаменск ,"Яркая (синий, красный, зеленый и тд.)",1-3 рабочих дня,"Наличие промокода, Скидка, Система лояльности",1-3 часа,"На самом сайте (чат), Получить ответ в мессенджере/в соцсетях",Да,"Да, нравится, когда логотип маленького размера","Аксессуары (шоперы, шарфы и др.)",Да,Да,Нравится,Нет,"Да, люблю эксперименты",Да,Да,Да,"Да, большая часть моих вещей - экологичные",Да,Да
04.11.2021 19:54:32,30-39 лет,Женский,Вязники,Неважно,1-3 рабочих дня,Система лояльности,В течение суток,"На самом сайте (чат), Получить ответ на почту, Получить ответ в мессенджере/в соцсетях","Нет, но планирую","Да, нравится, когда логотип маленького размера","Аксессуары (шоперы, шарфы и др.)",Нет,Нет,Не нравится,Я никогда не покупал мерч,"Нет, дизайнерам виднее",Нет,Нет,Нет,"Нет, для меня это неважный критерий при выборе товара",Нет,Да
04.11.2021 19:55:13,больше 50 лет,Женский,Москва,Неважно,4-7 рабочих дней,Наличие промокода,В течение суток,Получить ответ на телефон (смс),Да,"Да, нравится, когда логотип маленького размера","Одежда (футболки, худи и др.)",Да,Да,Нравится,Да,"Да, люблю эксперименты",Да,Да,Да,"Да, большая часть моих вещей - экологичные",Да,Да
04.11.2021 20:05:20,40-49 лет,Женский,Москва,"Сдержанные оттенки (белый, черный, серый)",1-3 рабочих дня,"Наличие промокода, Скидка, Система лояльности",В течение суток,"На самом сайте (чат), Получить ответ на телефон (звонок), Получить ответ на телефон (смс), Получить ответ в мессенджере/в соцсетях",Да,"Да, нравится, когда логотип маленького размера","Одежда (футболки, худи и др.)",Да,Да,Нравится,Да,"Да, люблю эксперименты",Да,Да,Да,"Да, большая часть моих вещей - экологичные",Нет,Да
04.11.2021 20:07:19,40-49 лет,Женский,Нижний Новгород,Неважно,1-3 рабочих дня,"Скидка, Система лояльности",1-3 часа,На самом сайте (чат),Да,"Да, нравится, когда логотип маленького размера","Одежда (футболки, худи и др.)",Да,Да,Нравится,Да,"Нет, дизайнерам виднее",Да,Да,Нет,"Нет, для меня это неважный критерий при выборе товара",Нет,Да
04.11.2021 20:09:00,30-39 лет,Женский,Пенза,"Сдержанные оттенки (белый, черный, серый)",4-7 рабочих дней,Наличие промокода,В течение суток,"Получить ответ на почту, Получить ответ в мессенджере/в соцсетях",Да,"Да, нравится, когда логотип маленького размера","Канцтовары (блокноты, ручки, стикеры и др.)",Да,Да,Нравится,Да,"Да, люблю эксперименты",Да,Да,Да,"Нет, для меня это неважный критерий при выборе товара",Нет,Нет
04.11.2021 20:11:27,30-39 лет,Женский,Пенза,"Сдержанные оттенки (белый, черный, серый)",более 7 рабочих дней,Наличие промокода,В течение суток,"Получить ответ на почту, Получить ответ в мессенджере/в соцсетях",Да,"Да, нравится, когда логотип маленького размера","Канцтовары (блокноты, ручки, стикеры и др.)",Да,Да,Нравится,Да,"Да, люблю эксперименты",Да,Да,Да,"Нет, для меня это неважный критерий при выборе товара",Нет,Нет
04.11.2021 20:17:07,40-49 лет,Мужской,Москва,"Яркая (синий, красный, зеленый и тд.)",1-3 рабочих дня,Скидка,В течение часа,"На самом сайте (чат), Получить ответ на почту, Получить ответ на телефон (звонок)",Нет и не планирую,"Да, нравится, когда логотип маленького размера","Посуда (кружки, термокружки и др.)",Да,Да,Нравится,Я никогда не покупал мерч,"Нет, дизайнерам виднее",Нет,Да,Да,"Нет, для меня это неважный критерий при выборе товара",Да,Да
04.11.2021 20:19:26,40-49 лет,Женский,Братск,"Сдержанные оттенки (белый, черный, серый)",1-3 рабочих дня,Система лояльности,В течение часа,На самом сайте (чат),"Нет, но планирую","Да, нравится, когда логотип крупный","Одежда (футболки, худи и др.)",Нет,Нет,Не нравится,Нет,"Да, люблю эксперименты",Да,Да,Нет,"Да, большая часть моих вещей - экологичные",Нет,Да
04.11.2021 20:32:57,30-39 лет,Женский,Краснодарский край,"Сдержанные оттенки (белый, черный, серый)",4-7 рабочих дней,"Наличие промокода, Скидка, Система лояльности",1-3 часа,Получить ответ в мессенджере/в соцсетях,Да,"Нет, мне неважно, какого размера будет логотип","Канцтовары (блокноты, ручки, стикеры и др.)",Да,Да,Нравится,Да,"Нет, дизайнерам виднее",Да,Да,Нет,"Нет, для меня это неважный критерий при выборе товара",Да,Да
04.11.2021 20:35:40,23-29 лет,Женский,Санкт-Петербург,"Сдержанные оттенки (белый, черный, серый)",4-7 рабочих дней,Ничего из перечисленного,В течение суток,"На самом сайте (чат), Получить ответ на почту, Получить ответ в мессенджере/в соцсетях",Да,"Да, нравится, когда логотип маленького размера","Одежда (футболки, худи и др.)",Да,Да,Нравится,Да,"Да, люблю эксперименты",Да,Нет,Да,"Нет, для меня это неважный критерий при выборе товара",Нет,Нет
04.11.2021 20:40:12,30-39 лет,Мужской,Санкт-Петербург,Неважно,1-3 рабочих дня,Система лояльности,В течение часа,"На самом сайте (чат), Получить ответ на телефон (звонок), Получить ответ в мессенджере/в соцсетях","Нет, но планирую","Нет, мне неважно, какого размера будет логотип","Одежда (футболки, худи и др.)",Да,Да,Нравится,Я никогда не покупал мерч,"Нет, дизайнерам виднее",Да,Да,Да,"Нет, для меня это неважный критерий при выборе товара",Да,Да
04.11.2021 20:41:18,40-49 лет,Женский,Санкт-Петербург,"Яркая (синий, красный, зеленый и тд.)",Неважно,Система лояльности,В течение часа,"На самом сайте (чат), Получить ответ в мессенджере/в соцсетях",Да,"Не люблю, когда на мерче есть логотип","Канцтовары (блокноты, ручки, стикеры и др.)",Да,Да,Нравится,Да,"Да, люблю эксперименты",Нет,Нет,Нет,"Да, большая часть моих вещей - экологичные",Нет,Нет
04.11.2021 20:42:19,23-29 лет,Женский,Усть-Джегута,"Яркая (синий, красный, зеленый и тд.)",4-7 рабочих дней,"Наличие промокода, Скидка",В течение суток,"На самом сайте (чат), Получить ответ на почту","Нет, но планирую","Нет, мне неважно, какого размера будет логотип","Посуда (кружки, термокружки и др.)",Нет,Нет,Не нравится,Я никогда не покупал мерч,"Да, люблю эксперименты",Да,Нет,Да,"Да, большая часть моих вещей - экологичные",Да,Да
04.11.2021 20:46:07,30-39 лет,Женский,Москва,"Сдержанные оттенки (белый, черный, серый)",1-3 рабочих дня,Скидка,В течение часа,"На самом сайте (чат), Получить ответ в мессенджере/в соцсетях","Нет, но планирую","Да, нравится, когда логотип маленького размера","Аксессуары (шоперы, шарфы и др.)",Да,Да,Нравится,Я никогда не покупал мерч,"Нет, дизайнерам виднее",Да,Да,Нет,"Нет, для меня это неважный критерий при выборе товара",Нет,Нет
04.11.2021 20:49:16,30-39 лет,Женский,Невьянск ,"Яркая (синий, красный, зеленый и тд.)",1-3 рабочих дня,Ничего из перечисленного,В течение часа,Получить ответ на телефон (звонок),"Нет, но планирую","Да, нравится, когда логотип маленького размера","Аксессуары (шоперы, шарфы и др.)",Нет,Нет,Не нравится,Я никогда не покупал мерч,"Да, люблю эксперименты",Да,Нет,Нет,"Нет, для меня это неважный критерий при выборе товара",Да,Да
04.11.2021 20:52:07,30-39 лет,Женский,Москва,"Сдержанные оттенки (белый, черный, серый)",1-3 рабочих дня,Ничего из перечисленного,В течение часа,Получить ответ на телефон (смс),Да,"Да, нравится, когда логотип крупный","Канцтовары (блокноты, ручки, стикеры и др.)",Да,Да,Не нравится,Да,"Нет, дизайнерам виднее",Да,Да,Нет,"Да, большая часть моих вещей - экологичные",Да,Да
04.11.2021 20:59:05,30-39 лет,Мужской,Москва,"Сдержанные оттенки (белый, черный, серый)",4-7 рабочих дней,"Наличие промокода, Скидка",В течение суток,"Получить ответ на почту, Получить ответ на телефон (смс), Получить ответ в мессенджере/в соцсетях",Да,"Нет, мне неважно, какого размера будет логотип","Одежда (футболки, худи и др.)",Да,Да,Нравится,Нет,"Нет, дизайнерам виднее",Да,Да,Да,"Нет, для меня это неважный критерий при выборе товара",Да,Да
04.11.2021 21:02:28,23-29 лет,Женский,Москва,"Яркая (синий, красный, зеленый и тд.)",4-7 рабочих дней,Наличие промокода,1-3 часа,"Получить ответ на почту, Получить ответ на телефон (смс)",Да,"Не люблю, когда на мерче есть логотип","Канцтовары (блокноты, ручки, стикеры и др.)",Да,Нет,Не нравится,Да,"Нет, дизайнерам виднее",Да,Нет,Да,"Да, большая часть моих вещей - экологичные",Нет,Нет
04.11.2021 21:07:19,30-39 лет,Женский,Уфа,"Сдержанные оттенки (белый, черный, серый)",4-7 рабочих дней,"Скидка, Система лояльности",1-3 часа,Получить ответ на почту,Да,"Да, нравится, когда логотип маленького размера","Канцтовары (блокноты, ручки, стикеры и др.)",Нет,Нет,Не нравится,Нет,"Нет, дизайнерам виднее",Да,Да,Нет,"Нет, для меня это неважный критерий при выборе товара",Нет,Да
04.11.2021 21:08:46,30-39 лет,Мужской,Ульяновск,"Яркая (синий, красный, зеленый и тд.)",Неважно,"Скидка, Система лояльности",В течение часа,На самом сайте (чат),"Нет, но планирую","Да, нравится, когда логотип маленького размера","Посуда (кружки, термокружки и др.)",Да,Нет,Не нравится,Нет,"Да, люблю эксперименты",Да,Да,Да,"Да, большая часть моих вещей - экологичные",Да,Да
04.11.2021 21:08:58,18-22 лет,Женский,Самара,"Сдержанные оттенки (белый, черный, серый)",4-7 рабочих дней,"Наличие промокода, Система лояльности",В течение суток,"На самом сайте (чат), Получить ответ на почту, Получить ответ в мессенджере/в соцсетях",Да,"Да, нравится, когда логотип маленького размера","Аксессуары (шоперы, шарфы и др.)",Да,Да,Нравится,Да,"Да, люблю эксперименты",Да,Нет,Да,"Да, большая часть моих вещей - экологичные",Да,Да
04.11.2021 21:12:58,30-39 лет,Женский,Москва,"Сдержанные оттенки (белый, черный, серый)",1-3 рабочих дня,Ничего из перечисленного,В течение часа,"На самом сайте (чат), Получить ответ на почту, Получить ответ в мессенджере/в соцсетях",Да,"Не люблю, когда на мерче есть логотип","Аксессуары (шоперы, шарфы и др.)",Да,Да,Нравится,Да,"Нет, дизайнерам виднее",Нет,Да,Да,"Да, большая часть моих вещей - экологичные",Да,Да
04.11.2021 21:19:45,23-29 лет,Женский,Тула,"Яркая (синий, красный, зеленый и тд.)",1-3 рабочих дня,Наличие промокода,В течение часа,Получить ответ на телефон (смс),"Нет, но планирую","Да, нравится, когда логотип маленького размера","Аксессуары (шоперы, шарфы и др.)",Да,Да,Нравится,Да,"Да, люблю эксперименты",Да,Да,Нет,"Нет, для меня это неважный критерий при выборе товара",Нет,Да
04.11.2021 21:25:47,40-49 лет,Женский,Новосибирск,Неважно,1-3 рабочих дня,Скидка,В течение часа,"Получить ответ на почту, Получить ответ на телефон (звонок), Получить ответ на телефон (смс), Получить ответ в мессенджере/в соцсетях",Нет и не планирую,"Нет, мне неважно, какого размера будет логотип","Аксессуары (шоперы, шарфы и др.)",Нет,Да,Не нравится,Нет,"Да, люблю эксперименты",Нет,Нет,Нет,"Нет, для меня это неважный критерий при выборе товара",Нет,Нет
04.11.2021 21:28:07,30-39 лет,Женский,Самара,"Сдержанные оттенки (белый, черный, серый)",1-3 рабочих дня,"Наличие промокода, Скидка, Система лояльности",В течение часа,"На самом сайте (чат), Получить ответ на почту",Нет и не планирую,"Не люблю, когда на мерче есть логотип",Всё из перечисленного и можно больше,Нет,Нет,Не нравится,Я никогда не покупал мерч,"Да, люблю эксперименты",Да,Да,Нет,"Да, большая часть моих вещей - экологичные",Нет,Нет
04.11.2021 21:28:59,23-29 лет,Женский,Санкт-Петербург,Неважно,Неважно,"Наличие промокода, Скидка",Неважно,"Получить ответ на почту, Получить ответ на телефон (звонок), Получить ответ в мессенджере/в соцсетях",Да,"Нет, мне неважно, какого размера будет логотип","Аксессуары (шоперы, шарфы и др.)",Да,Да,Не нравится,Нет,"Да, люблю эксперименты",Да,Нет,Да,"Да, большая часть моих вещей - экологичные",Да,Нет
04.11.2021 21:29:09,30-39 лет,Женский,Санкт-Петербург,"Сдержанные оттенки (белый, черный, серый)",1-3 рабочих дня,"Скидка, Система лояльности",В течение суток,"На самом сайте (чат), Получить ответ на почту, Получить ответ на телефон (смс), Получить ответ в мессенджере/в соцсетях",Да,"Да, нравится, когда логотип маленького размера","Посуда (кружки, термокружки и др.)",Да,Да,Нравится,Да,"Да, люблю эксперименты",Да,Нет,Нет,"Нет, для меня это неважный критерий при выборе товара",Нет,Нет
04.11.2021 21:35:19,23-29 лет,Женский,Москва,"Сдержанные оттенки (белый, черный, серый)",4-7 рабочих дней,"Скидка, Система лояльности",1-3 часа,"На самом сайте (чат), Получить ответ на почту, Получить ответ в мессенджере/в соцсетях",Да,"Нет, мне неважно, какого размера будет логотип","Аксессуары (шоперы, шарфы и др.)",Да,Да,Нравится,Да,"Нет, дизайнерам виднее",Нет,Нет,Да,"Да, большая часть моих вещей - экологичные",Да,Да
04.11.2021 21:46:01,30-39 лет,Женский,Екатеринбург,"Сдержанные оттенки (белый, черный, серый)",4-7 рабочих дней,"Наличие промокода, Скидка, Система лояльности",В течение суток,"Получить ответ на почту, Получить ответ на телефон (смс)",Да,"Да, нравится, когда логотип маленького размера","Одежда (футболки, худи и др.)",Да,Да,Нравится,Нет,"Нет, дизайнерам виднее",Да,Да,Да,"Да, большая часть моих вещей - экологичные",Да,Да
04.11.2021 21:47:45,30-39 лет,Мужской,Тула,"Сдержанные оттенки (белый, черный, серый)",4-7 рабочих дней,"Наличие промокода, Скидка, Система лояльности",В течение часа,"На самом сайте (чат), Получить ответ на телефон (звонок), Получить ответ в мессенджере/в соцсетях",Да,"Да, нравится, когда логотип маленького размера","Одежда (футболки, худи и др.)",Да,Да,Нравится,Нет,"Да, люблю эксперименты",Да,Да,Да,"Да, большая часть моих вещей - экологичные",Да,Да
04.11.2021 21:56:37,23-29 лет,Женский,Запорожье ,Неважно,1-3 рабочих дня,"Наличие промокода, Скидка, Система лояльности",В течение часа,Получить ответ на телефон (звонок),"Нет, но планирую","Нет, мне неважно, какого размера будет логотип","Одежда (футболки, худи и др.)",Да,Да,Нравится,Я никогда не покупал мерч,"Да, люблю эксперименты",Нет,Да,Да,"Да, большая часть моих вещей - экологичные",Нет,Нет
04.11.2021 21:58:38,23-29 лет,Мужской,Краснодар,"Яркая (синий, красный, зеленый и тд.)",более 7 рабочих дней,"Скидка, Система лояльности",В течение часа,Получить ответ в мессенджере/в соцсетях,"Нет, но планирую","Да, нравится, когда логотип маленького размера","Одежда (футболки, худи и др.)",Да,Да,Нравится,Нет,"Нет, дизайнерам виднее",Да,Да,Нет,"Да, большая часть моих вещей - экологичные",Да,Да
04.11.2021 21:58:45,30-39 лет,Женский,Ростов-на-Дону,Неважно,4-7 рабочих дней,Система лояльности,Неважно,"Получить ответ на почту, Получить ответ в мессенджере/в соцсетях",Да,"Нет, мне неважно, какого размера будет логотип","Канцтовары (блокноты, ручки, стикеры и др.)",Да,Да,Не нравится,Да,"Нет, дизайнерам виднее",Да,Да,Да,"Да, большая часть моих вещей - экологичные",Нет,Нет
04.11.2021 22:03:34,40-49 лет,Женский,Москва,"Сдержанные оттенки (белый, черный, серый)",4-7 рабочих дней,Ничего из перечисленного,В течение суток,"На самом сайте (чат), Получить ответ на почту, Получить ответ в мессенджере/в соцсетях",Да,"Да, нравится, когда логотип маленького размера","Канцтовары (блокноты, ручки, стикеры и др.)",Да,Да,Не нравится,Да,"Да, люблю эксперименты",Нет,Нет,Нет,"Нет, для меня это неважный критерий при выборе товара",Нет,Да
04.11.2021 22:24:14,30-39 лет,Мужской,Симферополь,"Сдержанные оттенки (белый, черный, серый)",4-7 рабочих дней,"Наличие промокода, Система лояльности",В течение суток,"Получить ответ на почту, Получить ответ на телефон (звонок)","Нет, но планирую","Да, нравится, когда логотип маленького размера","Одежда (футболки, худи и др.)",Да,Да,Нравится,Я никогда не покупал мерч,"Да, люблю эксперименты",Да,Да,Да,"Нет, для меня это неважный критерий при выборе товара",Да,Да
04.11.2021 22:24:19,23-29 лет,Мужской,Тольятти ,"Яркая (синий, красный, зеленый и тд.)",4-7 рабочих дней,Система лояльности,В течение часа,"Получить ответ на почту, Получить ответ на телефон (звонок), Получить ответ на телефон (смс)","Нет, но планирую","Да, нравится, когда логотип крупный","Одежда (футболки, худи и др.)",Нет,Нет,Не нравится,Я никогда не покупал мерч,"Да, люблю эксперименты",Нет,Да,Да,"Нет, для меня это неважный критерий при выборе товара",Да,Да
04.11.2021 22:25:20,18-22 лет,Мужской,Самара,"Яркая (синий, красный, зеленый и тд.)",4-7 рабочих дней,Система лояльности,В течение часа,"Получить ответ на почту, Получить ответ на телефон (звонок)","Нет, но планирую","Да, нравится, когда логотип крупный","Одежда (футболки, худи и др.)",Нет,Нет,Не нравится,Я никогда не покупал мерч,"Да, люблю эксперименты",Нет,Да,Да,"Нет, для меня это неважный критерий при выборе товара",Да,Да
04.11.2021 22:26:28,18-22 лет,Мужской,Самара,"Яркая (синий, красный, зеленый и тд.)",4-7 рабочих дней,Система лояльности,В течение часа,"Получить ответ на почту, Получить ответ на телефон (звонок)",Нет и не планирую,"Да, нравится, когда логотип крупный","Одежда (футболки, худи и др.)",Нет,Нет,Не нравится,Я никогда не покупал мерч,"Да, люблю эксперименты",Нет,Да,Да,"Нет, для меня это неважный критерий при выборе товара",Да,Да
04.11.2021 22:37:05,30-39 лет,Женский,Санкт-Петербург,"Сдержанные оттенки (белый, черный, серый)",более 7 рабочих дней,Наличие промокода,В течение суток,"Получить ответ на почту, Получить ответ в мессенджере/в соцсетях",Да,"Да, нравится, когда логотип маленького размера","Аксессуары (шоперы, шарфы и др.)",Да,Да,Нравится,Нет,"Нет, дизайнерам виднее",Да,Да,Да,"Нет, для меня это неважный критерий при выборе товара",Да,Да
04.11.2021 23:00:29,30-39 лет,Мужской,Симферополь,"Сдержанные оттенки (белый, черный, серый)",4-7 рабочих дней,"Наличие промокода, Система лояльности",В течение суток,"Получить ответ на почту, Получить ответ на телефон (звонок)","Нет, но планирую","Да, нравится, когда логотип маленького размера","Одежда (футболки, худи и др.)",Да,Да,Нравится,Я никогда не покупал мерч,"Да, люблю эксперименты",Да,Да,Да,"Нет, для меня это неважный критерий при выборе товара",Да,Да
04.11.2021 23:01:26,30-39 лет,Мужской,Санкт-Петербург,"Сдержанные оттенки (белый, черный, серый)",4-7 рабочих дней,Система лояльности,В течение часа,"На самом сайте (чат), Получить ответ на телефон (смс), Получить ответ в мессенджере/в соцсетях",Да,"Да, нравится, когда логотип маленького размера",значки-пины,Нет,Да,Нравится,Да,"Да, люблю эксперименты",Нет,Нет,Нет,"Нет, для меня это неважный критерий при выборе товара",Нет,Нет
04.11.2021 23:31:56,23-29 лет,Женский,Хабаровск,"Сдержанные оттенки (белый, черный, серый)",4-7 рабочих дней,"Наличие промокода, Скидка",В течение часа,Получить ответ в мессенджере/в соцсетях,"Нет, но планирую","Нет, мне неважно, какого размера будет логотип","Канцтовары (блокноты, ручки, стикеры и др.)",Да,Да,Нравится,Да,"Нет, дизайнерам виднее",Нет,Нет,Да,"Нет, для меня это неважный критерий при выборе товара",Нет,Да
04.11.2021 23:50:29,18-22 лет,Женский,Киров,"Яркая (синий, красный, зеленый и тд.)",более 7 рабочих дней,"Наличие промокода, Скидка",1-3 часа,"Получить ответ на почту, Получить ответ на телефон (смс), Получить ответ в мессенджере/в соцсетях",Да,"Да, нравится, когда логотип маленького размера","Одежда (футболки, худи и др.)",Да,Нет,Не нравится,Да,"Нет, дизайнерам виднее",Нет,Нет,Нет,"Нет, для меня это неважный критерий при выборе товара",Нет,Нет
04.11.2021 23:53:08,больше 50 лет,Мужской,Махачкала ,Неважно,более 7 рабочих дней,Скидка,В течение часа,На самом сайте (чат),Нет и не планирую,"Да, нравится, когда логотип маленького размера","Посуда (кружки, термокружки и др.)",Нет,Да,Нравится,Я никогда не покупал мерч,"Нет, дизайнерам виднее",Нет,Нет,Нет,"Да, большая часть моих вещей - экологичные",Да,Нет
04.11.2021 23:57:23,30-39 лет,Женский,Краснодар,"Яркая (синий, красный, зеленый и тд.)",4-7 рабочих дней,Наличие промокода,1-3 часа,Получить ответ в мессенджере/в соцсетях,Да,"Да, нравится, когда логотип маленького размера","Одежда (футболки, худи и др.)",Да,Да,Нравится,Да,"Да, люблю эксперименты",Да,Нет,Да,"Да, большая часть моих вещей - экологичные",Да,Да
05.11.2021 0:07:03,больше 50 лет,Мужской,Москва,"Сдержанные оттенки (белый, черный, серый)",1-3 рабочих дня,"Скидка, Система лояльности",В течение часа,"Получить ответ на почту, Получить ответ на телефон (звонок), Получить ответ на телефон (смс)",Да,"Да, нравится, когда логотип крупный","Посуда (кружки, термокружки и др.)",Да,Да,Нравится,Нет,"Нет, дизайнерам виднее",Да,Да,Да,"Да, большая часть моих вещей - экологичные",Да,Да
05.11.2021 0:32:48,30-39 лет,Женский,Нидерланды ,"Яркая (синий, красный, зеленый и тд.)",4-7 рабочих дней,"Наличие промокода, Скидка",В течение суток,Получить ответ в мессенджере/в соцсетях,Да,"Да, нравится, когда логотип маленького размера","Канцтовары (блокноты, ручки, стикеры и др.)",Да,Да,Нравится,Нет,"Нет, дизайнерам виднее",Да,Да,Нет,"Да, большая часть моих вещей - экологичные",Нет,Да
05.11.2021 0:40:27,30-39 лет,Мужской,Минск,"Яркая (синий, красный, зеленый и тд.)",1-3 рабочих дня,"Наличие промокода, Скидка, Система лояльности",В течение суток,Получить ответ на почту,"Нет, но планирую","Не люблю, когда на мерче есть логотип","Канцтовары (блокноты, ручки, стикеры и др.)",Да,Да,Нравится,Я никогда не покупал мерч,"Да, люблю эксперименты",Да,Да,Да,"Да, большая часть моих вещей - экологичные",Да,Да
05.11.2021 2:33:55,больше 50 лет,Женский,г. Якутск,Неважно,1-3 рабочих дня,Система лояльности,В течение суток,Получить ответ в мессенджере/в соцсетях,"Нет, но планирую","Да, нравится, когда логотип маленького размера","Аксессуары (шоперы, шарфы и др.)",Нет,Нет,Не нравится,Да,"Нет, дизайнерам виднее",Да,Нет,Нет,"Да, большая часть моих вещей - экологичные",Нет,Да
05.11.2021 3:13:28,30-39 лет,Мужской,Владивосток,"Яркая (синий, красный, зеленый и тд.)",более 7 рабочих дней,"Скидка, Система лояльности",В течение часа,Получить ответ на телефон (звонок),"Нет, но планирую","Нет, мне неважно, какого размера будет логотип","Одежда (футболки, худи и др.)",Да,Да,Нравится,Да,"Да, люблю эксперименты",Да,Да,Нет,"Нет, для меня это неважный критерий при выборе товара",Да,Нет
05.11.2021 6:04:02,больше 50 лет,Женский,Омск,"Яркая (синий, красный, зеленый и тд.)",1-3 рабочих дня,Скидка,В течение суток,Получить ответ на почту,Да,"Нет, мне неважно, какого размера будет логотип","Все, что касается здоровьч",Нет,Да,Нравится,Нет,"Нет, дизайнерам виднее",Да,Нет,Да,"Да, большая часть моих вещей - экологичные",Нет,Да
05.11.2021 6:21:03,40-49 лет,Женский,Новосибирск ,"Яркая (синий, красный, зеленый и тд.)",4-7 рабочих дней,Скидка,1-3 часа,"На самом сайте (чат), Получить ответ в мессенджере/в соцсетях",Нет и не планирую,"Нет, мне неважно, какого размера будет логотип","Аксессуары (шоперы, шарфы и др.)",Да,Да,Не нравится,Нет,"Нет, дизайнерам виднее",Да,Да,Нет,"Нет, для меня это неважный критерий при выборе товара",Да,Нет
05.11.2021 7:00:46,18-22 лет,Мужской,Новосибирск ,"Сдержанные оттенки (белый, черный, серый)",4-7 рабочих дней,"Наличие промокода, Скидка",1-3 часа,"На самом сайте (чат), Получить ответ на почту, Получить ответ в мессенджере/в соцсетях","Нет, но планирую","Нет, мне неважно, какого размера будет логотип","Одежда (футболки, худи и др.)",Да,Да,Нравится,Да,"Да, люблю эксперименты",Нет,Да,Да,"Нет, для меня это неважный критерий при выборе товара",Нет,Нет
05.11.2021 7:06:33,30-39 лет,Мужской,Москва,"Сдержанные оттенки (белый, черный, серый)",1-3 рабочих дня,"Наличие промокода, Система лояльности",В течение часа,"Получить ответ на почту, Получить ответ в мессенджере/в соцсетях","Нет, но планирую","Да, нравится, когда логотип маленького размера","Канцтовары (блокноты, ручки, стикеры и др.)",Нет,Нет,Не нравится,Я никогда не покупал мерч,"Нет, дизайнерам виднее",Да,Да,Да,"Нет, для меня это неважный критерий при выборе товара",Нет,Да
05.11.2021 7:52:13,40-49 лет,Женский,Березники,"Яркая (синий, красный, зеленый и тд.)",Неважно,Скидка,В течение часа,Получить ответ на почту,Да,"Да, нравится, когда логотип маленького размера","Канцтовары (блокноты, ручки, стикеры и др.)",Да,Да,Нравится,Да,"Нет, дизайнерам виднее",Да,Да,Нет,"Да, большая часть моих вещей - экологичные",Нет,Да
05.11.2021 7:54:47,больше 50 лет,Женский,Таганрог ,"Сдержанные оттенки (белый, черный, серый)",4-7 рабочих дней,"Наличие промокода, Скидка, Система лояльности",В течение часа,На самом сайте (чат),"Нет, но планирую","Нет, мне неважно, какого размера будет логотип","Аксессуары (шоперы, шарфы и др.)",Да,Да,Нравится,Да,"Да, люблю эксперименты",Да,Да,Да,"Да, большая часть моих вещей - экологичные",Нет,Да
05.11.2021 8:24:42,30-39 лет,Женский,Новокузнецк,Неважно,4-7 рабочих дней,"Наличие промокода, Скидка, Система лояльности",В течение суток,"На самом сайте (чат), Получить ответ на почту",Да,"Да, нравится, когда логотип маленького размера",все,Да,Нет,Не нравится,Да,"Да, люблю эксперименты",Да,Да,Да,"Нет, для меня это неважный критерий при выборе товара",Нет,Нет
05.11.2021 8:37:13,больше 50 лет,Женский,Санкт-Петербург,Неважно,4-7 рабочих дней,Ничего из перечисленного,В течение часа,Получить ответ на телефон (звонок),Да,"Да, нравится, когда логотип маленького размера","Посуда (кружки, термокружки и др.)",Нет,Да,Не нравится,Да,"Нет, дизайнерам виднее",Нет,Да,Нет,"Да, большая часть моих вещей - экологичные",Да,Да
05.11.2021 8:37:25,больше 50 лет,Мужской,Москва,"Сдержанные оттенки (белый, черный, серый)",1-3 рабочих дня,"Скидка, Система лояльности",1-3 часа,"На самом сайте (чат), Получить ответ на почту, Получить ответ в мессенджере/в соцсетях",Нет и не планирую,"Не люблю, когда на мерче есть логотип","Канцтовары (блокноты, ручки, стикеры и др.)",Да,Нет,Нравится,Я никогда не покупал мерч,"Да, люблю эксперименты",Нет,Да,Нет,"Да, большая часть моих вещей - экологичные",Нет,Нет
05.11.2021 8:38:39,40-49 лет,Женский,Новосибирск,"Сдержанные оттенки (белый, черный, серый)",4-7 рабочих дней,Скидка,В течение часа,"Получить ответ на телефон (смс), Получить ответ в мессенджере/в соцсетях","Нет, но планирую","Да, нравится, когда логотип маленького размера","Аксессуары (шоперы, шарфы и др.)",Да,Нет,Нравится,Я никогда не покупал мерч,"Нет, дизайнерам виднее",Нет,Да,Да,"Да, большая часть моих вещей - экологичные",Да,Нет
05.11.2021 8:41:16,40-49 лет,Женский,Новосибирск,"Сдержанные оттенки (белый, черный, серый)",4-7 рабочих дней,Скидка,В течение часа,"Получить ответ на телефон (смс), Получить ответ в мессенджере/в соцсетях","Нет, но планирую","Да, нравится, когда логотип маленького размера","Аксессуары (шоперы, шарфы и др.)",Да,Нет,Нравится,Я никогда не покупал мерч,"Нет, дизайнерам виднее",Нет,Да,Да,"Да, большая часть моих вещей - экологичные",Да,Нет
05.11.2021 9:02:02,40-49 лет,Женский,Москва,Неважно,1-3 рабочих дня,Ничего из перечисленного,В течение часа,"Получить ответ на телефон (звонок), Получить ответ в мессенджере/в соцсетях",Да,"Не люблю, когда на мерче есть логотип","Одежда (футболки, худи и др.)",Да,Да,Нравится,Нет,"Да, люблю эксперименты",Да,Да,Нет,"Нет, для меня это неважный критерий при выборе товара",Да,Да
05.11.2021 9:09:29,40-49 лет,Женский,Москва,Неважно,1-3 рабочих дня,"Наличие промокода, Скидка",1-3 часа,"На самом сайте (чат), Получить ответ на почту, Получить ответ на телефон (смс)",Да,"Да, нравится, когда логотип маленького размера","Одежда (футболки, худи и др.)",Да,Нет,Нравится,Нет,"Нет, дизайнерам виднее",Да,Нет,Нет,"Да, большая часть моих вещей - экологичные",Да,Да
05.11.2021 9:28:30,до 18 лет,Мужской,Самара,"Сдержанные оттенки (белый, черный, серый)",1-3 рабочих дня,Наличие промокода,1-3 часа,На самом сайте (чат),"Нет, но планирую","Да, нравится, когда логотип маленького размера","Одежда (футболки, худи и др.)",Да,Да,Нравится,Я никогда не покупал мерч,"Нет, дизайнерам виднее",Да,Да,Нет,"Нет, для меня это неважный критерий при выборе товара",Нет,Да
05.11.2021 9:29:18,40-49 лет,Женский,Петропавловск,Неважно,4-7 рабочих дней,Ничего из перечисленного,В течение суток,Получить ответ на почту,"Нет, но планирую","Да, нравится, когда логотип маленького размера","Канцтовары (блокноты, ручки, стикеры и др.)",Нет,Нет,Не нравится,Я никогда не покупал мерч,"Нет, дизайнерам виднее",Нет,Нет,Нет,"Нет, для меня это неважный критерий при выборе товара",Да,Нет
05.11.2021 9:30:42,до 18 лет,Мужской,самара,"Сдержанные оттенки (белый, черный, серый)",1-3 рабочих дня,Наличие промокода,1-3 часа,На самом сайте (чат),"Нет, но планирую","Да, нравится, когда логотип маленького размера","Одежда (футболки, худи и др.)",Да,Да,Нравится,Я никогда не покупал мерч,"Нет, дизайнерам виднее",Да,Да,Нет,"Нет, для меня это неважный критерий при выборе товара",Нет,Да
05.11.2021 9:57:41,40-49 лет,Мужской,Москва,"Яркая (синий, красный, зеленый и тд.)",1-3 рабочих дня,"Наличие промокода, Скидка, Система лояльности",В течение часа,"Получить ответ на почту, Получить ответ на телефон (смс)","Нет, но планирую","Да, нравится, когда логотип маленького размера","Одежда (футболки, худи и др.)",Да,Да,Нравится,Нет,"Да, люблю эксперименты",Да,Да,Да,"Да, большая часть моих вещей - экологичные",Да,Да
05.11.2021 9:57:55,40-49 лет,Женский,Севастополь,"Сдержанные оттенки (белый, черный, серый)",4-7 рабочих дней,"Наличие промокода, Скидка, Система лояльности",В течение суток,"Получить ответ на почту, Получить ответ на телефон (смс), Получить ответ в мессенджере/в соцсетях",Да,"Да, нравится, когда логотип маленького размера","Канцтовары (блокноты, ручки, стикеры и др.)",Нет,Да,Нравится,Нет,"Нет, дизайнерам виднее",Да,Нет,Нет,"Да, большая часть моих вещей - экологичные",Да,Да
05.11.2021 10:20:24,40-49 лет,Женский,Севастополь,"Сдержанные оттенки (белый, черный, серый)",4-7 рабочих дней,"Наличие промокода, Скидка, Система лояльности",В течение суток,"Получить ответ на почту, Получить ответ на телефон (смс), Получить ответ в мессенджере/в соцсетях",Да,"Да, нравится, когда логотип маленького размера","Канцтовары (блокноты, ручки, стикеры и др.)",Нет,Да,Нравится,Нет,"Нет, дизайнерам виднее",Да,Да,Нет,"Да, большая часть моих вещей - экологичные",Да,Да
05.11.2021 10:27:55,23-29 лет,Женский,Москва,Неважно,1-3 рабочих дня,"Наличие промокода, Скидка, Система лояльности",В течение часа,"Получить ответ на почту, Получить ответ на телефон (смс)",Да,"Нет, мне неважно, какого размера будет логотип","Одежда (футболки, худи и др.)",Нет,Да,Нравится,Да,"Да, люблю эксперименты",Да,Да,Да,"Нет, для меня это неважный критерий при выборе товара",Да,Да
05.11.2021 10:35:02,40-49 лет,Женский,Чехов ,"Яркая (синий, красный, зеленый и тд.)",1-3 рабочих дня,"Наличие промокода, Скидка",В течение часа,"Получить ответ на почту, Получить ответ в мессенджере/в соцсетях","Нет, но планирую","Не люблю, когда на мерче есть логотип","Посуда (кружки, термокружки и др.)",Да,Да,Нравится,Я никогда не покупал мерч,"Нет, дизайнерам виднее",Да,Да,Нет,"Да, большая часть моих вещей - экологичные",Да,Да
05.11.2021 10:45:30,30-39 лет,Женский,Томск,"Яркая (синий, красный, зеленый и тд.)",более 7 рабочих дней,"Наличие промокода, Скидка, Система лояльности",В течение суток,"Получить ответ на почту, Получить ответ на телефон (звонок), Получить ответ на телефон (смс)",Да,"Да, нравится, когда логотип маленького размера","Аксессуары (шоперы, шарфы и др.)",Нет,Да,Не нравится,Да,"Нет, дизайнерам виднее",Нет,Да,Нет,"Да, большая часть моих вещей - экологичные",Да,Да
05.11.2021 11:34:43,23-29 лет,Женский,Санкт-Петербург,"Яркая (синий, красный, зеленый и тд.)",4-7 рабочих дней,Скидка,1-3 часа,Получить ответ на телефон (звонок),Да,"Да, нравится, когда логотип маленького размера","Одежда (футболки, худи и др.)",Да,Да,Нравится,Нет,"Да, люблю эксперименты",Да,Да,Да,"Нет, для меня это неважный критерий при выборе товара",Да,Да
05.11.2021 11:49:46,18-22 лет,Мужской,Екатеринбург,"Сдержанные оттенки (белый, черный, серый)",4-7 рабочих дней,"Наличие промокода, Скидка",В течение часа,Получить ответ в мессенджере/в соцсетях,Да,"Да, нравится, когда логотип маленького размера","Одежда (футболки, худи и др.)",Да,Да,Нравится,Да,"Да, люблю эксперименты",Да,Да,Да,"Нет, для меня это неважный критерий при выборе товара",Да,Да
05.11.2021 11:54:29,23-29 лет,Женский,Москва,"Яркая (синий, красный, зеленый и тд.)",4-7 рабочих дней,Наличие промокода,1-3 часа,"Получить ответ на почту, Получить ответ на телефон (звонок)",Да,"Не люблю, когда на мерче есть логотип","Одежда (футболки, худи и др.)",Нет,Нет,Не нравится,Да,"Нет, дизайнерам виднее",Да,Да,Да,"Нет, для меня это неважный критерий при выборе товара",Нет,Нет
05.11.2021 12:22:43,23-29 лет,Женский,Кемерово,"Сдержанные оттенки (белый, черный, серый)",1-3 рабочих дня,Наличие промокода,В течение часа,На самом сайте (чат),"Нет, но планирую","Не люблю, когда на мерче есть логотип","Аксессуары (шоперы, шарфы и др.)",Да,Да,Нравится,Нет,"Нет, дизайнерам виднее",Нет,Нет,Да,"Да, большая часть моих вещей - экологичные",Да,Нет
05.11.2021 12:29:56,40-49 лет,Женский,Хотьково,"Яркая (синий, красный, зеленый и тд.)",4-7 рабочих дней,Скидка,Неважно,Получить ответ на телефон (смс),"Нет, но планирую","Не люблю, когда на мерче есть логотип","Канцтовары (блокноты, ручки, стикеры и др.)",Нет,Нет,Нравится,Нет,"Нет, дизайнерам виднее",Да,Да,Нет,"Да, большая часть моих вещей - экологичные",Нет,Нет
05.11.2021 12:38:52,40-49 лет,Женский,Кемерово,"Сдержанные оттенки (белый, черный, серый)",4-7 рабочих дней,"Наличие промокода, Скидка",В течение суток,На самом сайте (чат),Нет и не планирую,"Нет, мне неважно, какого размера будет логотип","Канцтовары (блокноты, ручки, стикеры и др.)",Нет,Да,Нравится,Я никогда не покупал мерч,"Нет, дизайнерам виднее",Да,Да,Нет,"Нет, для меня это неважный критерий при выборе товара",Нет,Нет
05.11.2021 12:59:58,30-39 лет,Женский,Новороссийск,"Сдержанные оттенки (белый, черный, серый)",4-7 рабочих дней,"Скидка, Система лояльности",В течение часа,"На самом сайте (чат), Получить ответ на почту",Да,"Да, нравится, когда логотип маленького размера","Одежда (футболки, худи и др.)",Да,Да,Нравится,Нет,"Нет, дизайнерам виднее",Нет,Нет,Да,"Нет, для меня это неважный критерий при выборе товара",Нет,Да
05.11.2021 13:34:16,40-49 лет,Мужской,Москва,"Яркая (синий, красный, зеленый и тд.)",1-3 рабочих дня,"Наличие промокода, Скидка, Система лояльности",В течение часа,"Получить ответ на почту, Получить ответ на телефон (смс)","Нет, но планирую","Не люблю, когда на мерче есть логотип","Одежда (футболки, худи и др.)",Да,Да,Нравится,Я никогда не покупал мерч,"Нет, дизайнерам виднее",Нет,Да,Да,"Нет, для меня это неважный критерий при выборе товара",Да,Да
05.11.2021 13:39:26,40-49 лет,Мужской,Чехов,"Сдержанные оттенки (белый, черный, серый)",4-7 рабочих дней,"Наличие промокода, Скидка, Система лояльности",В течение часа,"На самом сайте (чат), Получить ответ на почту, Получить ответ на телефон (звонок), Получить ответ на телефон (смс)",Да,"Да, нравится, когда логотип крупный","Канцтовары (блокноты, ручки, стикеры и др.)",Нет,Нет,Нравится,Да,"Нет, дизайнерам виднее",Да,Нет,Да,"Да, большая часть моих вещей - экологичные",Да,Да
05.11.2021 13:42:05,40-49 лет,Мужской,Чехов,"Сдержанные оттенки (белый, черный, серый)",4-7 рабочих дней,"Наличие промокода, Скидка, Система лояльности",В течение часа,"На самом сайте (чат), Получить ответ на почту, Получить ответ на телефон (звонок), Получить ответ на телефон (смс)",Да,"Да, нравится, когда логотип крупный","Канцтовары (блокноты, ручки, стикеры и др.)",Нет,Нет,Нравится,Да,"Нет, дизайнерам виднее",Да,Нет,Да,"Да, большая часть моих вещей - экологичные",Да,Да
05.11.2021 13:46:27,40-49 лет,Мужской,Чехов,"Сдержанные оттенки (белый, черный, серый)",4-7 рабочих дней,"Наличие промокода, Скидка, Система лояльности",В течение часа,"На самом сайте (чат), Получить ответ на почту, Получить ответ на телефон (звонок), Получить ответ на телефон (смс)",Да,"Да, нравится, когда логотип крупный","Канцтовары (блокноты, ручки, стикеры и др.)",Нет,Нет,Нравится,Да,"Нет, дизайнерам виднее",Да,Нет,Да,"Да, большая часть моих вещей - экологичные",Да,Да
05.11.2021 14:42:18,23-29 лет,Женский,Новосибирск,"Сдержанные оттенки (белый, черный, серый)",4-7 рабочих дней,Скидка,1-3 часа,"На самом сайте (чат), Получить ответ на телефон (звонок)",Да,"Да, нравится, когда логотип маленького размера","Канцтовары (блокноты, ручки, стикеры и др.)",Да,Да,Нравится,Нет,"Нет, дизайнерам виднее",Да,Да,Да,"Нет, для меня это неважный критерий при выборе товара",Да,Да
05.11.2021 15:00:27,40-49 лет,Мужской,Черемхово,"Сдержанные оттенки (белый, черный, серый)",4-7 рабочих дней,Скидка,В течение суток,"Получить ответ на телефон (смс), Получить ответ в мессенджере/в соцсетях","Нет, но планирую","Да, нравится, когда логотип маленького размера","Канцтовары (блокноты, ручки, стикеры и др.)",Нет,Нет,Не нравится,Я никогда не покупал мерч,"Да, люблю эксперименты",Да,Да,Да,"Да, большая часть моих вещей - экологичные",Да,Да
05.11.2021 15:29:37,30-39 лет,Женский,Новомосковск Тульской области,Неважно,Неважно,"Наличие промокода, Скидка, Система лояльности",В течение суток,"На самом сайте (чат), Получить ответ в мессенджере/в соцсетях",Нет и не планирую,"Да, нравится, когда логотип маленького размера","Канцтовары (блокноты, ручки, стикеры и др.)",Да,Да,Нравится,Я никогда не покупал мерч,"Да, люблю эксперименты",Да,Нет,Да,"Да, большая часть моих вещей - экологичные",Да,Да
05.11.2021 16:35:14,30-39 лет,Женский,Нидерланды ,"Яркая (синий, красный, зеленый и тд.)",4-7 рабочих дней,"Наличие промокода, Скидка",В течение суток,Получить ответ в мессенджере/в соцсетях,Да,"Да, нравится, когда логотип маленького размера","Канцтовары (блокноты, ручки, стикеры и др.)",Да,Да,Нравится,Нет,"Нет, дизайнерам виднее",Да,Да,Нет,"Да, большая часть моих вещей - экологичные",Нет,Да
05.11.2021 16:42:24,40-49 лет,Женский,Нижегородская область,"Яркая (синий, красный, зеленый и тд.)",4-7 рабочих дней,Наличие промокода,1-3 часа,Получить ответ в мессенджере/в соцсетях,Да,"Да, нравится, когда логотип маленького размера","Канцтовары (блокноты, ручки, стикеры и др.)",Да,Да,Нравится,Да,"Да, люблю эксперименты",Нет,Да,Да,"Да, большая часть моих вещей - экологичные",Нет,Нет
05.11.2021 16:42:36,40-49 лет,Мужской,Арсеньев,Неважно,4-7 рабочих дней,"Наличие промокода, Скидка",В течение часа,"На самом сайте (чат), Получить ответ на почту",Да,"Нет, мне неважно, какого размера будет логотип","Канцтовары (блокноты, ручки, стикеры и др.)",Да,Да,Нравится,Да,"Нет, дизайнерам виднее",Да,Да,Нет,"Да, большая часть моих вещей - экологичные",Да,Да
05.11.2021 17:55:06,23-29 лет,Женский,Москва,"Сдержанные оттенки (белый, черный, серый)",Неважно,Скидка,В течение суток,Получить ответ в мессенджере/в соцсетях,Да,"Нет, мне неважно, какого размера будет логотип","Канцтовары (блокноты, ручки, стикеры и др.)",Да,Да,Нравится,Нет,"Нет, дизайнерам виднее",Да,Да,Да,"Да, большая часть моих вещей - экологичные",Да,Нет
05.11.2021 18:10:03,до 18 лет,Женский,Харьков,"Сдержанные оттенки (белый, черный, серый)",1-3 рабочих дня,"Наличие промокода, Скидка",В течение часа,Получить ответ на телефон (звонок),Нет и не планирую,"Нет, мне неважно, какого размера будет логотип","Одежда (футболки, худи и др.)",Да,Да,Нравится,Я никогда не покупал мерч,"Да, люблю эксперименты",Нет,Да,Да,"Да, большая часть моих вещей - экологичные",Да,Да
05.11.2021 18:54:18,18-22 лет,Женский,Челябинск,"Яркая (синий, красный, зеленый и тд.)",4-7 рабочих дней,"Наличие промокода, Скидка, Система лояльности",В течение часа,Получить ответ в мессенджере/в соцсетях,"Нет, но планирую","Не люблю, когда на мерче есть логотип","Одежда (футболки, худи и др.)",Да,Да,Не нравится,Да,"Да, люблю эксперименты",Да,Да,Нет,"Да, большая часть моих вещей - экологичные",Да,Да
05.11.2021 19:10:20,30-39 лет,Женский,Санкт-Петербург,"Яркая (синий, красный, зеленый и тд.)",4-7 рабочих дней,"Наличие промокода, Скидка, Система лояльности",В течение суток,Получить ответ на телефон (смс),Нет и не планирую,"Да, нравится, когда логотип маленького размера","Канцтовары (блокноты, ручки, стикеры и др.)",Да,Да,Нравится,Я никогда не покупал мерч,"Нет, дизайнерам виднее",Да,Да,Нет,"Нет, для меня это неважный критерий при выборе товара",Да,Да
05.11.2021 19:11:47,30-39 лет,Женский,Алмере ,Неважно,1-3 рабочих дня,Скидка,В течение часа,На самом сайте (чат),"Нет, но планирую","Да, нравится, когда логотип крупный","Канцтовары (блокноты, ручки, стикеры и др.)",Нет,Да,Нравится,Я никогда не покупал мерч,"Нет, дизайнерам виднее",Да,Да,Нет,"Да, большая часть моих вещей - экологичные",Да,Да
05.11.2021 19:12:22,больше 50 лет,Женский,Москва,"Сдержанные оттенки (белый, черный, серый)",1-3 рабочих дня,Система лояльности,В течение суток,Получить ответ на телефон (смс),Да,"Да, нравится, когда логотип маленького размера","Одежда (футболки, худи и др.)",Нет,Нет,Не нравится,Да,"Нет, дизайнерам виднее",Да,Да,Да,"Нет, для меня это неважный критерий при выборе товара",Нет,Нет
05.11.2021 19:17:46,30-39 лет,Женский,Алмере ,Неважно,1-3 рабочих дня,Скидка,В течение часа,На самом сайте (чат),"Нет, но планирую","Да, нравится, когда логотип крупный","Канцтовары (блокноты, ручки, стикеры и др.)",Нет,Да,Нравится,Я никогда не покупал мерч,"Нет, дизайнерам виднее",Нет,Нет,Нет,"Да, большая часть моих вещей - экологичные",Да,Да
05.11.2021 19:20:22,30-39 лет,Женский,Алмере,Неважно,1-3 рабочих дня,Скидка,В течение часа,На самом сайте (чат),"Нет, но планирую","Да, нравится, когда логотип крупный","Канцтовары (блокноты, ручки, стикеры и др.)",Нет,Да,Нравится,Я никогда не покупал мерч,"Нет, дизайнерам виднее",Нет,Нет,Нет,"Да, большая часть моих вещей - экологичные",Да,Да
05.11.2021 19:42:59,30-39 лет,Женский,Алмере ,Неважно,1-3 рабочих дня,Скидка,В течение часа,На самом сайте (чат),"Нет, но планирую","Да, нравится, когда логотип крупный","Канцтовары (блокноты, ручки, стикеры и др.)",Нет,Да,Нравится,Нет,"Нет, дизайнерам виднее",Нет,Нет,Нет,"Да, большая часть моих вещей - экологичные",Да,Да
05.11.2021 20:19:45,23-29 лет,Женский,Москва,"Сдержанные оттенки (белый, черный, серый)",4-7 рабочих дней,Скидка,1-3 часа,Получить ответ в мессенджере/в соцсетях,"Нет, но планирую","Нет, мне неважно, какого размера будет логотип","Аксессуары (шоперы, шарфы и др.)",Да,Да,Нравится,Я никогда не покупал мерч,"Да, люблю эксперименты",Нет,Нет,Нет,"Нет, для меня это неважный критерий при выборе товара",Нет,Да
05.11.2021 20:45:16,30-39 лет,Женский,Лабинск,"Яркая (синий, красный, зеленый и тд.)",4-7 рабочих дней,"Наличие промокода, Скидка, Система лояльности",1-3 часа,"Получить ответ на телефон (смс), Получить ответ в мессенджере/в соцсетях","Нет, но планирую","Да, нравится, когда логотип маленького размера",Все перечисленное ,Да,Да,Нравится,Я никогда не покупал мерч,"Нет, дизайнерам виднее",Да,Да,Да,"Да, большая часть моих вещей - экологичные",Нет,Нет
05.11.2021 20:54:41,23-29 лет,Женский,Москва,Неважно,1-3 рабочих дня,Скидка,В течение суток,Получить ответ в мессенджере/в соцсетях,Да,"Нет, мне неважно, какого размера будет логотип","Одежда (футболки, худи и др.)",Да,Да,Нравится,Да,"Нет, дизайнерам виднее",Да,Нет,Да,"Да, большая часть моих вещей - экологичные",Да,Да
05.11.2021 20:57:59,больше 50 лет,Женский,Москва,"Яркая (синий, красный, зеленый и тд.)",Неважно,Система лояльности,В течение часа,Получить ответ на почту,Нет и не планирую,"Нет, мне неважно, какого размера будет логотип","Одежда (футболки, худи и др.)",Нет,Да,Нравится,Я никогда не покупал мерч,"Нет, дизайнерам виднее",Да,Нет,Нет,"Нет, для меня это неважный критерий при выборе товара",Да,Да
05.11.2021 20:59:13,23-29 лет,Женский,Москва,Неважно,1-3 рабочих дня,Скидка,В течение суток,Получить ответ в мессенджере/в соцсетях,Да,"Нет, мне неважно, какого размера будет логотип","Одежда (футболки, худи и др.)",Да,Да,Нравится,Да,"Нет, дизайнерам виднее",Да,Да,Да,"Да, большая часть моих вещей - экологичные",Да,Да
05.11.2021 21:53:04,23-29 лет,Мужской,Нижний Новгород,"Сдержанные оттенки (белый, черный, серый)",Неважно,"Наличие промокода, Скидка",В течение суток,"Получить ответ на почту, Получить ответ в мессенджере/в соцсетях",Да,"Да, нравится, когда логотип маленького размера","Аксессуары (шоперы, шарфы и др.)",Да,Да,Нравится,Нет,"Нет, дизайнерам виднее",Да,Нет,Нет,"Нет, для меня это неважный критерий при выборе товара",Нет,Нет
05.11.2021 22:38:59,больше 50 лет,Мужской,Ростов-на-Дону,Неважно,1-3 рабочих дня,"Наличие промокода, Скидка, Система лояльности",Неважно,"Получить ответ на почту, Получить ответ на телефон (звонок), Получить ответ в мессенджере/в соцсетях",Да,"Нет, мне неважно, какого размера будет логотип","Одежда (футболки, худи и др.)",Да,Да,Нравится,Нет,"Да, люблю эксперименты",Нет,Да,Да,"Да, большая часть моих вещей - экологичные",Нет,Нет
05.11.2021 23:27:25,23-29 лет,Мужской,Москва,"Сдержанные оттенки (белый, черный, серый)",Неважно,"Наличие промокода, Скидка",Неважно,"Получить ответ на почту, Получить ответ в мессенджере/в соцсетях","Нет, но планирую","Да, нравится, когда логотип маленького размера","Канцтовары (блокноты, ручки, стикеры и др.)",Да,Да,Нравится,Нет,"Нет, дизайнерам виднее",Да,Нет,Нет,"Нет, для меня это неважный критерий при выборе товара",Нет,Нет
06.11.2021 1:40:23,до 18 лет,Мужской,Зеленокумск,"Сдержанные оттенки (белый, черный, серый)",более 7 рабочих дней,Скидка,В течение суток,"На самом сайте (чат), Получить ответ на почту, Получить ответ на телефон (звонок), Получить ответ на телефон (смс), Получить ответ в мессенджере/в соцсетях","Нет, но планирую","Да, нравится, когда логотип крупный","Одежда (футболки, худи и др.)",Да,Да,Нравится,Я никогда не покупал мерч,"Да, люблю эксперименты",Да,Да,Да,"Да, большая часть моих вещей - экологичные",Да,Нет
06.11.2021 2:53:40,23-29 лет,Женский,Казань,"Сдержанные оттенки (белый, черный, серый)",1-3 рабочих дня,"Наличие промокода, Система лояльности",В течение часа,"На самом сайте (чат), Получить ответ в мессенджере/в соцсетях","Нет, но планирую","Да, нравится, когда логотип маленького размера","Одежда (футболки, худи и др.)",Да,Да,Нравится,Нет,"Да, люблю эксперименты",Да,Да,Нет,"Да, большая часть моих вещей - экологичные",Да,Да
06.11.2021 8:31:14,30-39 лет,Женский,Москва,"Сдержанные оттенки (белый, черный, серый)",4-7 рабочих дней,"Наличие промокода, Скидка",1-3 часа,"На самом сайте (чат), Получить ответ в мессенджере/в соцсетях",Да,"Да, нравится, когда логотип маленького размера","Посуда (кружки, термокружки и др.)",Да,Да,Нравится,Нет,"Да, люблю эксперименты",Да,Да,Нет,"Да, большая часть моих вещей - экологичные",Да,Да
06.11.2021 9:05:35,30-39 лет,Женский,Тула ,"Сдержанные оттенки (белый, черный, серый)",4-7 рабочих дней,"Скидка, Система лояльности",В течение суток,"Получить ответ на почту, Получить ответ на телефон (смс), Получить ответ в мессенджере/в соцсетях",Нет и не планирую,"Нет, мне неважно, какого размера будет логотип","Канцтовары (блокноты, ручки, стикеры и др.)",Да,Да,Нравится,Я никогда не покупал мерч,"Нет, дизайнерам виднее",Нет,Нет,Нет,"Да, большая часть моих вещей - экологичные",Да,Да
06.11.2021 9:49:22,18-22 лет,Женский,Урал,"Сдержанные оттенки (белый, черный, серый)",Неважно,"Наличие промокода, Скидка, Система лояльности",В течение суток,"На самом сайте (чат), Получить ответ на телефон (смс), Получить ответ в мессенджере/в соцсетях",Да,"Да, нравится, когда логотип маленького размера","Одежды сликом много у всех - я бы предпочла термос, кружку в офис, полиграфию, сумку для спорта, герму, чехол на телефон, кольца\кольце\браслеты",Да,Да,Нравится,Нет,"Нет, дизайнерам виднее",Да,Да,Да,"Да, большая часть моих вещей - экологичные",Да,Да
06.11.2021 10:03:29,30-39 лет,Женский,Москва,"Сдержанные оттенки (белый, черный, серый)",1-3 рабочих дня,Скидка,В течение часа,Получить ответ на почту,Да,"Не люблю, когда на мерче есть логотип","Одежда (футболки, худи и др.)",Да,Да,Нравится,Да,"Нет, дизайнерам виднее",Да,Да,Нет,"Нет, для меня это неважный критерий при выборе товара",Нет,Нет
06.11.2021 11:20:53,больше 50 лет,Женский,Шадринск Курганской области,"Яркая (синий, красный, зеленый и тд.)",более 7 рабочих дней,Скидка,В течение суток,Получить ответ в мессенджере/в соцсетях,"Нет, но планирую","Да, нравится, когда логотип маленького размера","Одежда (футболки, худи и др.)",Да,Нет,Не нравится,Я никогда не покупал мерч,"Да, люблю эксперименты",Нет,Да,Нет,"Да, большая часть моих вещей - экологичные",Нет,Нет
06.11.2021 12:45:46,30-39 лет,Мужской,Красноярск,"Сдержанные оттенки (белый, черный, серый)",1-3 рабочих дня,"Наличие промокода, Скидка, Система лояльности",В течение часа,"На самом сайте (чат), Получить ответ на почту, Получить ответ в мессенджере/в соцсетях",Да,"Да, нравится, когда логотип маленького размера","Одежда (футболки, худи и др.)",Да,Нет,Не нравится,Нет,"Нет, дизайнерам виднее",Да,Да,Нет,"Нет, для меня это неважный критерий при выборе товара",Нет,Нет
06.11.2021 15:41:43,23-29 лет,Женский,Владимир,"Яркая (синий, красный, зеленый и тд.)",1-3 рабочих дня,"Наличие промокода, Скидка",В течение часа,Неважно,"Нет, но планирую","Да, нравится, когда логотип маленького размера","Аксессуары (шоперы, шарфы и др.)",Да,Да,Нравится,Я никогда не покупал мерч,"Да, люблю эксперименты",Да,Да,Да,"Нет, для меня это неважный критерий при выборе товара",Да,Да
06.11.2021 15:56:01,30-39 лет,Мужской,Краматорск,"Сдержанные оттенки (белый, черный, серый)",1-3 рабочих дня,Ничего из перечисленного,В течение суток,Получить ответ на телефон (звонок),Да,"Да, нравится, когда логотип крупный","Канцтовары (блокноты, ручки, стикеры и др.)",Нет,Да,Нравится,Нет,"Нет, дизайнерам виднее",Нет,Да,Нет,"Нет, для меня это неважный критерий при выборе товара",Нет,Нет
06.11.2021 17:50:54,18-22 лет,Женский,Москва,"Сдержанные оттенки (белый, черный, серый)",Неважно,"Наличие промокода, Скидка",В течение суток,"Получить ответ на почту, Получить ответ на телефон (смс), Получить ответ в мессенджере/в соцсетях",Да,"Да, нравится, когда логотип маленького размера","Аксессуары (шоперы, шарфы и др.)",Да,Да,Нравится,Нет,"Да, люблю эксперименты",Да,Нет,Да,"Да, большая часть моих вещей - экологичные",Да,Да
07.11.2021 6:33:27,40-49 лет,Женский,Ижевск,"Яркая (синий, красный, зеленый и тд.)",1-3 рабочих дня,Скидка,В течение часа,На самом сайте (чат),Нет и не планирую,"Нет, мне неважно, какого размера будет логотип","Одежда (футболки, худи и др.)",Да,Да,Нравится,Я никогда не покупал мерч,"Нет, дизайнерам виднее",Да,Да,Да,"Да, большая часть моих вещей - экологичные",Да,Да
07.11.2021 8:54:24,30-39 лет,Женский,Москва,"Сдержанные оттенки (белый, черный, серый)",Неважно,Скидка,1-3 часа,Получить ответ в мессенджере/в соцсетях,Нет и не планирую,"Да, нравится, когда логотип маленького размера","Канцтовары (блокноты, ручки, стикеры и др.)",Да,Да,Нравится,Я никогда не покупал мерч,"Да, люблю эксперименты",Да,Да,Да,"Да, большая часть моих вещей - экологичные",Нет,Да
07.11.2021 10:20:39,40-49 лет,Женский,Киев,"Сдержанные оттенки (белый, черный, серый)",Неважно,"Наличие промокода, Скидка",В течение часа,Получить ответ в мессенджере/в соцсетях,"Нет, но планирую","Да, нравится, когда логотип маленького размера","Одежда (футболки, худи и др.)",Да,Да,Нравится,Я никогда не покупал мерч,"Да, люблю эксперименты",Да,Да,Да,"Нет, для меня это неважный критерий при выборе товара",Нет,Нет